<character>
<superHeroAlias>
Aquaman</superHeroAlias>
<realName>Orin Atlan-son</realName><otherAliases><alias>Dweller in the Depths</alias><alias>Swimmer</alias><alias>Waterbearer</alias><alias>Mental Man</alias><alias>Aquaboy</alias><alias>Water Wraith</alias></otherAliases><relatives><relative>Mera (wife), Koryak (son), Arthur Curry, Jr. (son), A.J. (son), Orm Marius (half-brother), Debbie Perkins (half-sister), Drin (adopted brother), Atlanna (mother), Atlan (father), Atlena (aunt), Porm (adopted mother), Tom Curry (adopted father), Hila (sister-in-law), Haumond (uncle), Kraken (uncle), Honsu (grandfather), Lorelei (grandmother), Manu (ancestor), Nala (ancestor), Fatima (ancestor), Kalunga (ancestor), Gana (ancestor), Fiona (ancestor), Regin (ancestor), Kordax (ancestor), Bazil (ancestor), Cora (ancestor), Illya (ancestor), Dardanus (ancestor), Alloroc (ancestor), Cole (ancestor), Narmea (ancestor), Orin (ancestor), Loma (ancestor), Shalako (ancestor), Thorvall (ancestor)</relative></relatives><affiliation><group>Justice League</group><group>Aquaman Family</group><group>Atlantean Royal Family · formerly Black Lantern Corps</group><group>Justice League International</group><group>Justice League Detroit</group><group>U.N.</group><group>White Lantern Corps</group></affiliation><baseOfOperation><location>Atlantean Royal Palace · Poseidonis</location><location>Atlantis · formerly San Diego</location><location>California</location></baseOfOperation><status>
<alignment>Good</alignment>
<identity>Public Identity</identity><citizenship>Atlantean</citizenship>
<maritalStatus>Married</maritalStatus><occupation>Monarch</occupation>
</status><characteristics>
<gender>Male</gender>
<height>6' 1"</height><weight>325 lbs (147 kg)</weight>
<eyes>Blue</eyes>
<hair>Blond</hair>
</characteristics><origin>
<universe><location>Earth-One · New Earth</location></universe>
<placeOfBirth><location>Poseidonis</location><location>Atlantis</location></placeOfBirth><creators><creator>Mort Weisinger · Paul Norris</creator></creators>
</origin>
<firstAppearance>
<title>More Fun Comics
         
         #73</title>
</firstAppearance></character>