<character>
<superHeroAlias>
Batman</superHeroAlias>
<realName>Bruce Wayne</realName><otherAliases><alias>Insider</alias><alias>Matches Malone</alias><alias>Robin</alias></otherAliases><relatives><relative>Simon Hurt (ancestor) Roderick Kane (grandfather) Betsy Kane (grandmother) Martha Wayne (mother) Thomas Wayne (father) Alfred Pennyworth (former guardian) Nathan Kane (uncle) Agatha Wayne (aunt) Damian Wayne (son) Dick Grayson (adopted son) Tim Drake (adopted son) Jason Todd (adopted son) Cassandra Cain (adopted daughter) Wayne Family</relative></relatives><affiliation><group>Batman Family</group><group>Justice League</group><group>Batman Incorporated</group><group>Outsiders</group><group>Wayne Enterprises</group><group>Club of Heroes</group><group>formerly White Lantern Corps</group><group>Sinestro Corps</group></affiliation><baseOfOperation><location>Batcave</location><location>Stately Wayne Manor</location><location>Gotham City 路 Hall of Justice</location><location>Justice League Watchtower</location></baseOfOperation><status>
<alignment>Good</alignment>
<identity>Secret Identity</identity><citizenship>American</citizenship>
<maritalStatus>Single</maritalStatus><occupation>Businessman</occupation>
</status><characteristics>
<gender>Male</gender>
<height>6' 2"</height><weight>210 lbs (95 kg)</weight>
<eyes>Blue</eyes>
<hair>Black</hair>
</characteristics><origin>
<universe><location>New Earth</location></universe>
<placeOfBirth><location>Gotham City</location></placeOfBirth><creators><creator>Bill Finger 路 Bob Kane</creator></creators>
</origin>
<firstAppearance>
<title>Batman
         
         #401</title>
</firstAppearance></character>