<character>
<superHeroAlias>
Green_Lantern</superHeroAlias>
<realName>Harold "Hal" Jordan</realName><otherAliases><alias>Parallax</alias><alias>the Spectre</alias><alias>Pol Manning</alias><alias>Green Lantern 2814.1, Highball</alias></otherAliases><relatives><relative>Martin Jordan (father, deceased), Jessica Jordan (mother, deceased), Jack Jordan (brother), Jim Jordan (brother), Air Wave (cousin), Jordan Family</relative></relatives><affiliation><group>Green Lantern Corps Justice League of America</group><group>formerly: New Guardians Justice League Europe Red Lantern Corps Orange Lantern Corps Sinestro Corps Blue Lantern Corps Black Lantern Corps White Lantern Corps Ferris Aircraft United States Air Force</group></affiliation><baseOfOperation><location>Edwards Air Force Base</location><location>Coast City / Oa</location></baseOfOperation><status>
<alignment>Good</alignment>
<identity>Secret Identity</identity><citizenship>American</citizenship>
<maritalStatus>Single</maritalStatus><occupation>Adventurer</occupation>
</status><characteristics>
<gender>Male</gender>
<height>6' 2"</height><weight>200 lbs (91 kg)</weight>
<eyes>Brown</eyes>
<hair>Brown</hair>
</characteristics><origin>
<universe><location>Earth-One 路 New Earth 路 Prime Earth</location></universe>
<placeOfBirth><location>Coast City</location><location>California</location></placeOfBirth><creators><creator>John Broome 路 Gil Kane</creator></creators>
</origin>
<firstAppearance>
<title>Showcase
         
         #22</title>
</firstAppearance></character>