<character>
<superHeroAlias>
Green_Arrow</superHeroAlias>
<realName>Oliver Jonas "Ollie" Queen</realName><relatives><relative>Robert Henry Queen (father, deceased), Moira Queen (mother, deceased), Dinah Lance (ex-wife), Connor Hawke (son), Robert Queen (son), Roy Harper (adopted son)</relative></relatives><affiliation><group>Justice League</group><group>Team Arrow</group><group>Queen Industries</group><group>N.S.A. · formerly Black Lantern Corps</group><group>White Lantern Corps</group><group>Outsiders</group><group>Justice League Elite</group></affiliation><baseOfOperation><location>Star City</location><location>California · formerly Seattle</location><location>Washington</location></baseOfOperation><status>
<alignment>Good</alignment>
<identity>Secret Identity</identity><citizenship>American</citizenship>
<maritalStatus>Divorced</maritalStatus><occupation>Former Businessman · Reporter</occupation>
<education>College Graduate</education>
</status><characteristics>
<gender>Male</gender>
<height>5' 11"</height><weight>195 lbs (88 kg)</weight>
<eyes>Green</eyes>
<hair>Blond</hair>
</characteristics><origin>
<universe><location>Earth-One · New Earth</location></universe>
<creators><creator>Mort Weisinger · George Papp</creator></creators>
</origin>
<firstAppearance>
<title>Adventure Comics
         
         #218</title>
</firstAppearance></character>