<character>
<superHeroAlias>
Martian_Manhunter</superHeroAlias>
<realName>J'onn J'onzz</realName><otherAliases><alias>Fernus · John Jones · Bronze Wraith</alias><alias>Bloodwynd</alias><alias>many others (See Other Aliases )</alias></otherAliases><relatives><relative>M'yrnn J'onzz (father, deceased) · Sha'sheen J'onzz (mother, deceased) · M'yri'ah (wife, deceased) · K'hym (daughter, deceased) · Ma'alefa'ak (twin brother) · D'all (father-in-law, deceased) · J'ahrl J'onzz (ancestor, deceased)</relative></relatives><affiliation><group>Justice League of America · formerly Outsiders</group><group>Justice Experience</group><group>StormWatch</group><group>Justice League Task Force Justice League International</group><group>White Lantern Corps</group><group>Black Lantern Corps</group></affiliation><baseOfOperation><location>Mobile, formerly The Astral Plane · formerly Mars · formerly Middleton</location><location>Colorado · formerly Denver</location><location>Colorado · formerly Detroit</location><location>Michigan · formerly Z'Onn Z'Orr · formerly JLA Watchtower</location></baseOfOperation><status>
<alignment>Good</alignment>
<identity>Public Identity</identity>
<maritalStatus>Widowed</maritalStatus><occupation>Adventurer · Detective</occupation>
</status><characteristics>
<gender>Male</gender>
<height>6' 7"</height><weight>300 lbs (136 kg)</weight>
<eyes>Red</eyes>
<hair>Bald</hair>
</characteristics><origin>
<universe><location>Earth-One · New Earth</location></universe>
<placeOfBirth><location>Ma'aleca'andra</location></placeOfBirth><creators><creator>Joseph Samachson · Joe Certa</creator></creators>
</origin>
<firstAppearance>
<title>Detective Comics
         
         #225</title>
</firstAppearance></character>