<character>
<superHeroAlias>
Superman</superHeroAlias>
<realName>Kal-El (birth); Clark Joseph Kent (legal name)</realName><otherAliases><alias>Clark White, Commander El</alias><alias>Gangbuster</alias><alias>Nightwing</alias><alias>Superboy</alias><alias>Superman Red / Blue</alias></otherAliases><relatives><relative>Lois Lane (wife), Jonathan Samuel Kent (son), Jor-El (birth father, deceased), Lara Lor-Van (birth mother, deceased), Jonathan Kent (adoptive father, deceased), Martha Kent (adoptive mother), Kara Zor-El (aka Supergirl, cousin), Kon-El/Conner Kent (aka Superboy, partial clone 路 adopted into both El and Kent families), Christopher Kent (aka Nightwing, foster son), Kem-L (ancestor, deceased), Rao (ancestor), See House of El and Kent Family for extended family line</relative></relatives><affiliation><group>Justice League</group><group>formerly Justice League</group><group>Daily Planet</group><group>Legion of Super-Heroes</group><group>Kryptonian Military Guild</group><group>Team Superman</group><group>Supermen of America</group><group>formerly Supermen of the Multiverse</group><group>Black Lantern Corps</group><group>White Lantern Corps</group></affiliation><baseOfOperation><location>Metropolis 路 Fortress of Solitude 路 Hall of Justice</location></baseOfOperation><status>
<alignment>Good</alignment>
<identity>Secret Identity</identity><citizenship>American</citizenship>
<maritalStatus>Married</maritalStatus><occupation>Reporter</occupation>
</status><characteristics>
<gender>Male</gender>
<height>6' 3"</height><weight>235 lbs (107 kg)</weight>
<eyes>Blue</eyes>
<hair>Black</hair>
</characteristics><origin>
<universe><location>New Earth</location></universe>
<placeOfBirth><location>Kryptonopolis</location><location>Krypton</location></placeOfBirth><creators><creator>Jerry Siegel 路 Joe Shuster</creator></creators>
</origin>
<firstAppearance>
<title>Man of Steel
         
         #1</title>
</firstAppearance></character>