<character>
<superHeroAlias>
The_Flash</superHeroAlias>
<realName>Bartholomew Henry "Barry" Allen</realName><otherAliases><alias>Black Flash</alias><alias>Parallax</alias><alias>Blue Lantern</alias></otherAliases><relatives><relative>Henry and Nora Allen (parents, deceased), Malcolm Thawne (brother), Iris Allen (wife), Don and Dawn Allen (children), Bart Allen (grandson) and Jenni Ognats (granddaughter), Wally West (nephew) - see Allen Family for complete family tree</relative></relatives><affiliation><group>Justice League</group><group>Flash Family 路 formerly Blue Lantern Corps</group><group>White Lantern Corps</group></affiliation><baseOfOperation><location>Central City</location></baseOfOperation><status>
<alignment>Good</alignment>
<identity>Secret Identity</identity><citizenship>American</citizenship>
<maritalStatus>Married</maritalStatus><occupation>Forensic Scientist</occupation>
<education>Bachelors Degree (summa cum laude) in organic chemistry from Sun City University</education>
</status><characteristics>
<gender>Male</gender>
<height>6' 0"</height><weight>195 lbs (88 kg)</weight>
<eyes>Blue</eyes>
<hair>Blond</hair>
</characteristics><origin>
<universe><location>Earth-One 路 New Earth</location></universe>
<placeOfBirth><location>Fallville, Iowa</location></placeOfBirth><creators><creator>Robert Kanigher 路 Carmine Infantino</creator></creators>
</origin>
<firstAppearance>
<title>Showcase
         
         #4</title>
</firstAppearance></character>